"","base_coef","base_pvalor","lmnn_coef","lmnn_pvalor","lfda_coef","lfda_pvalor"
"intercept",0.874802992697246,4.43894344118044e-06,0.877491207073421,4.75595197030136e-06,0.877270068807339,3.19454856795496e-06
"q",-0.17957376736194,0.357972700043095,-0.184150749841239,0.351207428308427,-0.185034403669725,0.333066560536594
