"","base_coef","base_pvalor","lmnn_coef","lmnn_pvalor","lfda_coef","lfda_pvalor"
"intercept",0.986077724358974,0.00417046919339015,0.839588823937383,0.00122270615254471,1.17645077720207,0.000154646544757349
"discard",-0.563701923076923,0.387711346795091,-0.23773902704845,0.607936891614941,-0.964594127806563,0.0664302022361661
